{
  "independent_primes": {
    "scan": {
      "t_min": 10.0,
      "t_max": 200.0,
      "dt": 0.02,
      "max_zeros": 120
    },
    "p_max": 2000,
    "k_max": 1,
    "zeros_found": 120,
    "spacing_summary": {
      "n": 119,
      "mean": 1.0000000000000004,
      "var": 1.0241227436193607,
      "r_mean": 0.18662310283350103,
      "ks_poisson_D": 0.11539242382070669,
      "ks_poisson_p": 0.07792478227728039,
      "ks_gue_D": 0.38383803027560903,
      "ks_gue_p": 5.095269384429866e-16
    }
  },
  "riemann_siegel": {
    "scan": {
      "t_min": 10.0,
      "t_max": 200.0,
      "dt": 0.02,
      "max_zeros": 120
    },
    "p_max": 2000,
    "k_max": 1,
    "zeros_found": 79,
    "spacing_summary": {
      "n": 78,
      "mean": 1.0000000000000002,
      "var": 0.1547091529238083,
      "r_mean": 0.5811749219680098,
      "ks_poisson_D": 0.32318809199089643,
      "ks_poisson_p": 1.0248470886823938e-07,
      "ks_gue_D": 0.10172154833546321,
      "ks_gue_p": 0.37657313597070474
    }
  },
  "full_zeta": {
    "scan": {
      "t_min": 10.0,
      "t_max": 200.0,
      "dt": 0.02,
      "max_zeros": 120
    },
    "p_max": 2000,
    "k_max": 1,
    "zeros_found": 79,
    "spacing_summary": {
      "n": 78,
      "mean": 1.0000000000000002,
      "var": 0.11858864641290022,
      "r_mean": 0.6225728350126428,
      "ks_poisson_D": 0.3626509585585797,
      "ks_poisson_p": 1.3230663613765247e-09,
      "ks_gue_D": 0.08653017411317909,
      "ks_gue_p": 0.5841762272922283
    }
  },
  "fake_primes_jitter": {
    "scan": {
      "t_min": 10.0,
      "t_max": 200.0,
      "dt": 0.02,
      "max_zeros": 120
    },
    "p_max": 2000,
    "k_max": 1,
    "zeros_found": 118,
    "spacing_summary": {
      "n": 117,
      "mean": 0.9999999999999999,
      "var": 1.6633000168435035,
      "r_mean": 0.21987736780186837,
      "ks_poisson_D": 0.16270678535832106,
      "ks_poisson_p": 0.0035117279331407718,
      "ks_gue_D": 0.4442086343734077,
      "ks_gue_p": 5.790670706310538e-21
    }
  },
  "rs_phase_randomized": {
    "scan": {
      "t_min": 10.0,
      "t_max": 200.0,
      "dt": 0.02,
      "max_zeros": 120
    },
    "p_max": 2000,
    "k_max": 1,
    "zeros_found": 48,
    "spacing_summary": {
      "n": 47,
      "mean": 0.9999999999999996,
      "var": 0.4511110960681341,
      "r_mean": 0.3216465068931946,
      "ks_poisson_D": 0.15534421420611672,
      "ks_poisson_p": 0.18881068443199056,
      "ks_gue_D": 0.20716535600404168,
      "ks_gue_p": 0.030112909108959755
    }
  }
}